RMS,MAV,WL,SSC,VAR,SD,SKEW,KURT,IEMG,SSI,EN,MAXAV,WAMP,MINAV,ZC,Label
0.836029503704431,0.8365825528164166,0.10172230687537517,0.0630378185285815,0.07801155511310541,0.2013602832176916,0.6118825585707457,0.11022264202263615,0.0067681677621347636,0.015444485131069524,2.3599916691541267e-05,0.36749116607773846,0.09915563143081253,0.7536231884057969,0.0,0
0.8343880093756155,0.8350606039986737,0.12134644687629867,0.045680044804020256,0.030966378338114935,0.09999663047906901,0.6408411872908313,0.11428236554814769,0.09235814609268767,0.10348563298492089,0.2223441076414967,0.39929328621908144,0.12167212660914502,0.8647342995169076,0.0,0
0.8336826246944646,0.8343604923756693,0.4610056794569885,0.15990569964656287,0.02874359938858017,0.09417646609561964,0.6966898343533945,0.11420152946578169,0.42469931392936744,0.4453890694586128,0.6487755201774137,0.4028268551236751,0.46140358971992795,0.8599033816425123,0.0,0
0.8307730601332359,0.8314519072417408,0.208292930692155,0.07837108627044373,0.027681759264499846,0.09134697103947143,0.5336634765735064,0.14112621873324155,0.19166552064509665,0.20556877971425871,0.3937173610872433,0.36042402826855113,0.2087389839892954,0.8115942028985508,0.0,0
0.829442083088308,0.8300312903162705,0.11534376875836913,0.058958533576526334,0.062342452615210306,0.17115191240353414,0.714541004958465,0.06709342011546066,0.035701892156585535,0.04513008450666631,0.0874985136977986,0.34628975265017736,0.11585844137867392,0.8309178743961354,0.0,0
0.8289917566309128,0.829566783159196,0.23969155469363257,0.1153987330755084,0.06776830317859338,0.1819219554501125,0.700391043989614,0.05098593653503101,0.10891981790466987,0.1204260993077875,0.25571858018589344,0.36749116607773846,0.23813039265445485,0.845410628019323,0.0,0
0.8305140960154862,0.8311268767600151,0.08246756245093964,0.045362178444119855,0.053398025277127475,0.15256705547331043,0.713439765912435,0.07996152726895471,0.009294824009644598,0.017982265297518146,0.00850620232517496,0.35689045936395836,0.08291422507267106,0.8550724637681153,0.0,0
0.8324821625076275,0.8331432437232547,0.07600313986240015,0.03199665483497438,0.03501357292519526,0.11026223137553012,0.5586521010278243,0.10696588595385714,0.03315659967045989,0.042550744071392005,0.0803264221514235,0.3427561837455837,0.07659299589350806,0.85024154589372,0.0,0
0.8347625315378924,0.8354234755957002,0.16327284480768345,0.05877500359491718,0.03560102576826952,0.11171906458915856,0.6117968664158328,0.11001743824379678,0.14091406252008218,0.1534512342939118,0.3137322926833539,0.349823321554771,0.16384441470954642,0.8309178743961354,0.0,0
0.8226209618174654,0.8232731714386059,0.3366578935217251,0.12587318645889306,0.03616608833755349,0.11311281454585245,0.7064925799108169,0.05026779469232728,0.24255610793081203,0.2576794222419384,0.46254091797681474,0.3533568904593647,0.3370091819314354,0.8599033816425123,0.0,0
0.8315177414126893,0.8322313074432692,0.2640254882947777,0.07680067508760247,0.0143085322643638,0.052382811891844044,0.6291847945568927,0.06702639795417162,0.2945052657013524,0.311371862984846,0.5233005615711872,0.3250883392226154,0.2639689936787708,0.9323671497584538,0.0,0
0.8425864228127065,0.8433182611514578,0.024518631389389103,0.012945485919277081,0.009749070980272893,0.037272351335323445,0.5874753924464491,0.11393027048813839,0.007127236669948356,0.015884011666059794,0.0009795253548463556,0.3250883392226154,0.024869653485904114,0.9227053140096615,0.0,0
0.8245051054262262,0.8251469029858249,0.1388927367594773,0.059789148647932736,0.040667687196156904,0.12396477768831879,0.7083065492058548,0.05445335751328795,0.05946534559297942,0.0694959814898248,0.14902029537224948,0.32862190812720904,0.13943616481336224,0.8743961352656999,0.0,0
0.8711314628873783,0.8716145098942558,0.1872835572794016,0.11404212486093347,0.1137575160302537,0.2621048099199066,0.6037903656493402,0.17770444427465848,0.057260485776051556,0.06792141849041727,0.142009185614405,0.4734982332155484,0.18760669958012272,0.7004830917874401,0.0,0
0.8718078221169385,0.8723025343231949,0.12910375398254606,0.06987194526644012,0.10935503881475396,0.25511335375235966,0.5711225287320142,0.1701923443369598,0.04142707318515168,0.0515955226900075,0.10152714415526409,0.4346289752650181,0.12974668942924372,0.6763285024154584,0.0,0
0.8735045887270374,0.8741566099876685,0.16936787181973495,0.07996987837827611,0.0481916455295517,0.14120701665507587,0.6924140348128925,0.14087212783987083,0.12067864184234003,0.13339158054449443,0.27638513062222314,0.41696113074204977,0.16942739814515756,0.8309178743961354,0.0,0
0.8743081219756554,0.8750587303816051,0.01708454541256868,0.0038371010587977088,0.009791249392892179,0.037417662159948656,0.6986322545785244,0.06937959844050595,0.017549553115850575,0.026986913515050087,0.03308132308489986,0.3250883392226154,0.017810178563189213,0.9806763285024154,0.0,0
0.8750470243003488,0.8758003161932457,0.09239506856905388,0.033235955226252736,0.008912924538210326,0.034368303305762044,0.7593905214221681,0.05950424954161334,0.08728635801628165,0.09896062581037368,0.2102719075540116,0.34628975265017736,0.09186545471323766,1.0,0.0,0
0.8690725179585073,0.8697854321957177,0.13981622570069724,0.04845759132981663,0.02332105147926019,0.07936417595766351,0.8177582025759582,0.05488233160565613,0.10129920288309038,0.11331351285697897,0.23932603816703324,0.36749116607773846,0.14035897199280212,0.9613526570048307,0.0,0
0.8692603906632552,0.8699177946058931,0.09174862631019995,0.039396508010989095,0.045085207238050304,0.13421414630521863,0.6492782258637534,0.0650973313868456,0.033619453148496126,0.043504980286104306,0.08032554533031533,0.36042402826855113,0.0923268583029576,0.8888888888888893,0.0,0
0.8768510013331738,0.8775793414172863,0.11594403657016208,0.032867003201368344,0.019101820642515747,0.06714698871690025,0.7586902351666083,0.13362612692456002,0.12045548895063843,0.13322543921235788,0.2758552665712797,0.3816254416961131,0.11613528353250586,0.85024154589372,0.0,0
0.8728372588305184,0.8735701091609052,0.06459805143833403,0.020298037553639948,0.016398950553909233,0.058948846050941084,0.7478146912358277,0.05940732576361937,0.041731839949412264,0.051920735791614714,0.10230311966890149,0.3250883392226154,0.06515018686845382,0.9516908212560384,0.0,0
0.8401897861960475,0.8408989977330457,0.053377660802511884,0.022137121493063707,0.018026716144417913,0.06392336989505393,0.8561297025773773,0.07108213339709765,0.016298033298460024,0.025297465800733387,0.030412204998817582,0.37809187279151946,0.05269228994601578,0.966183574879226,0.0,0
0.8730948842881396,0.8737890855272763,0.13635314217112252,0.048504892871468475,0.03158611032885909,0.10159552373552208,0.7493249149023011,0.03976912844267431,0.08581264925056617,0.09740770245599875,0.20720288188680458,0.35689045936395836,0.13639090112121072,0.9371980676328509,0.0,0
0.8724621670194921,0.8732127797144074,0.02040910560096043,0.009066759503825749,0.009359629396569345,0.03592535609756756,0.6371815301030482,0.06870566039191037,0.010614623149550029,0.01981002461401396,0.01130376268701827,0.3215547703180217,0.020763161537396754,0.9806763285024154,0.0,0
0.8737281560560426,0.8742782375594942,0.10255344692247312,0.06375112577669133,0.0881445087686866,0.2195898134857787,0.7341408182201754,0.08719376545178553,0.007169007549604534,0.01627109853188549,2.2746699416043015e-05,0.42756183745583076,0.1031698426613759,0.8550724637681153,0.0,0
0.8693140911232557,0.8699686118027277,0.23987625248187655,0.09255208845766702,0.04622602464610191,0.13680191095558006,0.8126242715337827,0.06616434884867853,0.1833852470394086,0.1979926241882832,0.3802146780397684,0.3816254416961131,0.23983758593641857,0.8888888888888893,0.0,0
0.8690236798264142,0.8696545842754979,0.11783718889966294,0.04985960902437733,0.055398055599901255,0.15681988757784446,0.7450740324680379,0.0613081930188543,0.05406437085343693,0.06459124172847716,0.1341885417733799,0.4028268551236751,0.11807317860932957,0.9033816425120769,0.0,0
0.4978691678114284,0.4980907121776461,0.15519231657200905,0.12386003284619053,0.12585901650393333,0.2807411095230198,0.5822399925714556,0.12457469811124944,0.009611479408884238,0.0145964149322855,0.02139768519282681,0.21908127208480632,0.15558529045355973,0.4734299516908216,0.0,0
0.3710100339580613,0.3710144063803824,0.17075310523156484,0.13881678031650407,0.17812384186351632,0.3533944590218252,0.5808623517181409,0.19475544870379763,0.0018175152367316538,0.005437250591912635,1.32480332082352e-05,0.28621908127208506,0.17067318783740137,0.29951690821255994,0.0,0
0.37487850006435863,0.3751642520565124,0.15944036570162073,0.11536089184218694,0.07295887112382111,0.1919093394525168,0.4714491659952145,0.19811403158472699,0.04182277194127915,0.045237309519546604,0.1203583975583955,0.21554770318021266,0.15987634383795507,0.4492753623188399,0.0,0
0.36102718788337107,0.3611679415040303,0.20164381031537149,0.15945917309336946,0.12439377184421731,0.27852757420253105,0.4283449005093278,0.20142556362073671,0.059927074470409514,0.06302597897045847,0.16675571019735536,0.20848056537102533,0.19997231578461683,0.42028985507246386,0.0,0
0.3531381285285313,0.3530965724612347,0.20358313709193332,0.16881163390877235,0.1911742730581425,0.36996000366509363,0.5477621589100082,0.12421042797102111,0.012985602541725899,0.016330702330221075,0.03747778262634238,0.212014134275619,0.20370968486134822,0.3961352657004831,0.0,0
0.8358839102768236,0.8365957888874878,0.08025118899201183,0.02596854636686319,0.015982859390239093,0.057658300395521,0.6186880838589213,0.07876954490211112,0.06451592691509844,0.07486213803705574,0.160698867163092,0.3427561837455837,0.08079176855995938,0.9178743961352662,0.0,0
0.772986464353334,0.7734763151583977,0.15847070231333982,0.10391581082410638,0.08766950102587936,0.21875528976934197,0.6148817044393888,0.21400611040448844,0.06443334909916279,0.0738155308686661,0.16272344046687648,0.4346289752650181,0.15904581737645918,0.6570048309178738,0.0,0
0.7738176025111674,0.7745108337589599,0.18289698480860694,0.050553995655826425,0.008847520436227586,0.03413923420162773,0.6226635927563396,0.11889668563631359,0.217736172553576,0.23084597990371433,0.43206748384572924,0.3109540636042407,0.18303880404189543,0.879227053140097,0.0,0
0.7744651341474178,0.7750261598891726,0.13321327977097475,0.06253453012540586,0.06036535710556973,0.16713710272810708,0.20756893727828052,0.5427812611602947,0.08962408136196204,0.09964029469469893,0.21875113178858863,0.35689045936395836,0.13320721635214322,0.5652173913043477,0.0,0
0.7720979397760495,0.7726715572481755,0.11631343214665005,0.06044001786106214,0.054917531671051845,0.15580347448220475,0.6471109159293347,0.10697685885246505,0.018670137291242006,0.026933099442369213,0.040120581477214756,0.3215547703180217,0.1166428274811978,0.7729468599033815,0.0,0
0.5420646144958301,0.542459060010545,0.1156208154407351,0.08081941406634326,0.07027518910874025,0.18678233453651902,0.7038952104221308,0.06405879005232276,0.003921642970796391,0.009360581659666689,0.0009737033544676699,0.21908127208480632,0.11627370460942184,0.6908212560386477,0.0,0
0.5447917022500377,0.5452368007691568,0.10490834372258392,0.06853425766852594,0.051562398903073806,0.1486108399519989,0.31994236480416993,0.20970785921086854,0.02644064550789535,0.03206238473542447,0.07140638368480001,0.201413427561838,0.10469247450745166,0.6086956521739122,0.0,0
0.55174864685217,0.5519720081163104,0.19868864570346773,0.14568307210268597,0.1378966453537454,0.29851464300152175,0.620377337281043,0.09115669940411245,0.01921107018278939,0.024868782614335228,0.04963023170314251,0.26855123674911674,0.19858810501545704,0.5169082125603861,0.0,0
0.5036081267923223,0.5040732921891333,0.3712425543704114,0.1760355253498422,0.03445681339213562,0.10887400220289914,0.3807105606878777,0.2361126421769352,0.30925874039591084,0.3154154274601281,0.550998275702999,0.20494699646643166,0.3702763807502422,0.5555555555555554,0.0,0
0.5072585305903416,0.5076728564353061,0.09627372212217758,0.0683639721185793,0.05465295836840808,0.15524240818003307,0.46300889007282864,0.15911001156209972,0.008596768347698236,0.013680393846498079,0.017754624984762657,0.190812720848057,0.09675633276426888,0.6038647342995169,0.0,0
0.8361544336778053,0.8368467607171084,0.05790275661448954,0.027762220826301174,0.023677363039262204,0.08036648206825561,0.6408264087537695,0.09840348852732203,0.010793273988694868,0.019586151216283154,0.013155774406605758,0.3321554770318027,0.05786001015087898,0.8937198067632846,0.0,0
0.8395374112613574,0.8402768211321554,0.20275199704483537,0.06381545587333783,0.006084497760580152,0.02419007941490897,0.4167615197508634,0.15551801000630686,0.2660239520650238,0.2823200710664753,0.49050776650946837,0.32862190812720904,0.20320214091265631,0.9323671497584538,0.0,0
0.8310571394886459,0.8315919924582289,0.13949300457127026,0.07393798578683278,0.0839315753126848,0.21212150251305686,0.7965829094234939,0.028442982479404397,0.024234018461443574,0.033355953117514214,0.05474814474886314,0.36042402826855113,0.13989756840308215,0.8888888888888893,0.0,0
0.8312990544418373,0.8319460153697378,0.11529759431130812,0.04567626068068811,0.04024618761081492,0.12296685537366422,0.8279434821851873,0.044609790716729464,0.04922489313081099,0.05906393128473755,0.1233066462076402,0.34628975265017736,0.11581230101970193,0.9082125603864739,0.0,0
0.8630296251080996,0.8628594944758259,0.36376229394653,0.4721166872270701,0.36725958303596123,0.5565621030986208,0.7668736983807547,0.3374096816220325,0.06461939017086218,0.0753990121458272,0.15998830015572763,0.7738515901060072,0.3636321690582753,0.16425120772946844,0.0,1
0.8714262594227709,0.8699130226432406,0.5795354850625665,0.9676627740651325,0.8949954380378684,0.938958114079065,0.8102658829235215,0.10270429782552906,0.05003589082505844,0.060500600789788445,0.12396322528791526,0.7561837455830389,0.5792922068933696,0.2512077294685984,0.0,1
0.8665273057592611,0.8659111032124649,0.376829662464792,0.45957610250433284,0.542657289943778,0.7028515735097299,0.8061085672372358,0.08888731685136517,0.029826014646798293,0.03957341028492284,0.06972298436322788,0.6713780918727918,0.37470585521155353,0.6038647342995169,0.0,1
0.8723494800765952,0.8718063662679398,0.5150297825183543,0.6467804678690089,0.5156398093717148,0.6819916285899481,0.7576402158366216,0.07041575548584546,0.04804566906667149,0.05844634397059695,0.11884006241797351,0.6254416961130742,0.5137728971531398,0.5507246376811583,0.0,1
0.8696543298736152,0.8701651187898101,0.13076603407674192,0.10953523397234564,0.10254713564961215,0.24405891087611473,0.5392172544852928,0.37280279011124706,0.01835781963719743,0.02776871145162582,0.0357264702333242,0.4876325088339222,0.12988511050615975,0.5797101449275353,0.0,1
0.9103354269901764,0.9102619489840915,0.3789536870295978,0.3563395418183469,0.3416242134716051,0.5325671356492319,0.7382490463438175,0.05318990742196121,0.079479059294085,0.09149932356957938,0.1921723241011426,0.49116607773851584,0.37779725926267704,0.6811594202898554,0.0,1
0.8741237023063348,0.8736529835504978,0.38791152975943116,0.5933354019874216,0.4877846221099791,0.6599238841066918,0.9314069554517522,0.20414155563767455,0.06074674765504709,0.07157752800229486,0.15036894066954742,0.7208480565371032,0.3879019978775435,0.35265700483091766,0.0,1
0.8623082670425628,0.8608662943097372,0.4863092764464146,0.8303691033898177,0.8644129149098712,0.9205265452949767,0.8901579369551684,0.13754214691857136,0.02602229408241588,0.035608070150315696,0.0588969481764785,0.88339222614841,0.4864116642827481,0.270531400966183,0.0,1
0.6816081243421639,0.6817252674295737,0.272890982130489,0.26284520665097516,0.20996706226517237,0.3929303997989153,0.8574453249454806,0.08382464299021042,0.025570525953211493,0.032884895170133904,0.06396889062062172,0.46996466431095474,0.2723665390116735,0.6714975845410631,0.0,1
0.6891904014550132,0.6888424314688173,0.2679041418479014,0.31741226510054416,0.39138798550793585,0.5784266532126052,0.8547732277205382,0.14200192951404983,0.0069021558914934,0.013982190229276797,0.005664872040648472,0.5547703180212018,0.2683523277811101,0.4396135265700476,0.0,1
0.7131741356438646,0.7117519666144858,0.42891443874959595,0.7403921108596773,0.8130254045934725,0.8888213345000027,0.7769231452599306,0.15069885285347157,0.027358962231413264,0.035118743118907086,0.06805161687774408,0.6678445229681982,0.42924375951644905,0.08212560386473378,0.0,1
0.717363155104648,0.7165611171037565,0.3614535715934802,0.5478426712883427,0.5743427234568518,0.7266847865404543,0.8227112191382024,0.1430159283045338,0.01802108208427694,0.025638148614450407,0.04007282197977258,0.6254416961130742,0.36104830895584367,0.29951690821255994,0.0,1
0.8660324654833538,0.8659096720750536,0.42249619060811744,0.5105368914183652,0.3495210964945186,0.5400473893910477,0.7570998718755393,0.1298894349064813,0.0833798168250533,0.09479264194999901,0.20222565100559775,0.5901060070671384,0.42292253033728605,0.5603864734299506,0.0,1
0.7140211418289315,0.7121161432245344,0.5752412614858937,1.0,0.9999999999999999,1.0,0.8820542353357377,0.08599116735604295,0.03248730165258454,0.040365779518062916,0.08264132440521177,0.7102473498233222,0.5719097494578507,0.3381642512077292,0.0,1
0.9675116501661787,0.9678428653717663,0.46174447060996443,0.3642426833975373,0.1969377973255172,0.3771108066494928,0.7732822738311212,0.1380270700190048,0.18917838607603074,0.20641531771380398,0.38530926011921984,0.5971731448763258,0.46209569510450793,0.7053140096618353,0.0,1
0.9707050059821718,0.9711324151788165,0.20935494297455787,0.15435249865663622,0.15981099537337468,0.32918817349545826,0.6809968046561793,0.21913255202660634,0.03315242258249429,0.044341174762172614,0.07547167440969416,0.6007067137809194,0.20933880865593135,0.6521739130434785,0.0,1
0.9709419344581427,0.9702597850856058,0.3518031121577319,0.5256317593903022,0.5972475644507645,0.7435184369722728,0.7925586575998008,0.15421458527221477,0.023857116601161382,0.03469745044816172,0.04873303528159356,0.8162544169611312,0.3511742721358372,0.4927536231884062,0.0,1
0.9680115030635452,0.9686664902360338,0.10218405134598513,0.07785455343560559,0.0694553250458075,0.1852004851273332,0.6815967443881967,0.1810482616434541,0.010783634554928062,0.02106136743388909,0.008504906965760561,0.5229681978798588,0.10169335117427213,0.845410628019323,0.0,1
0.967686079211628,0.9682366907449644,0.17070693078450389,0.11178867941663954,0.11051395984980404,0.25696539953792386,0.7123365450575458,0.06328754452919955,0.009908695283360802,0.02014979957079438,0.0056912221835658805,0.4346289752650181,0.17044248604254142,0.8550724637681153,0.0,1
0.9695150222554165,0.9702364433468187,0.05263886964953596,0.032643739924771625,0.04362803036911278,0.1308743255584491,0.6088808610123647,0.3043229251396368,0.009640076395725755,0.01988922826803652,0.004756764699895388,0.4876325088339222,0.053153693535735694,0.85024154589372,0.0,1
0.9707508935481854,0.971244532020842,0.17980329685552016,0.1441334735981715,0.13371449698213905,0.29242031847311967,0.8453991676954673,0.07860808173831782,0.008200105648194095,0.018409081373193775,1.8861761584165748e-05,0.5547703180212018,0.17930143496516404,0.8599033816425123,0.0,1
0.9633400107364043,0.9635690971970643,0.2787551369072355,0.2686197788558325,0.23613974589007508,0.42339503664914957,0.7480759435976022,0.09237299136043928,0.04001810928290325,0.05137974244723048,0.09455134171003365,0.5653710247349828,0.27531952198588105,0.7777777777777768,0.0,1
0.9616547186970017,0.9621866177663421,0.15653137553677796,0.1191506913593328,0.11642731694998955,0.26628771403583695,0.7973638688700916,0.06691624924452161,0.009263656507131901,0.019412585442875635,0.003808078394031078,0.4734982332155484,0.1570617819406635,0.8599033816425123,0.0,1
0.857982011243509,0.8582113467561161,0.20473749826845822,0.16681740091273053,0.20978539185383588,0.3927129822324572,0.82689976052778,0.08227429954439186,0.007861440208520254,0.01681533311318742,0.002855398075343629,0.5477031802120145,0.205093895630508,0.7053140096618353,0.0,1
0.9608261032844858,0.9611708092047699,0.24260054485847532,0.20844086550468852,0.1899649917647397,0.36844717583349373,0.8178376335757144,0.06917144080846531,0.031288638063681956,0.0422786296463927,0.07057544899957424,0.5477031802120145,0.2423291653209062,0.8550724637681153,0.0,1
0.9743165985219715,0.9742417548094675,0.47407304797525046,0.49478169392496846,0.35873503828634506,0.5486742573754957,0.7538909065735655,0.19789660728847214,0.10110336172039475,0.1150342515462667,0.2352525790258717,0.7137809187279158,0.47307710053984214,0.34299516908212535,0.0,1
0.9668599562191691,0.96671099808019,0.38897354204183404,0.4586414240412924,0.386002735957984,0.5736038024537018,0.8163681706534256,0.18046365532809192,0.07602669609050272,0.08884551649493078,0.18254610446846042,0.8162544169611312,0.38937848936464725,0.545893719806763,0.0,1
0.9610162209433017,0.9610704385031905,0.2363669945052408,0.2626314036827088,0.3044396596329138,0.49618493958357845,0.8321772269192955,0.1041524261671625,0.009831579813226354,0.020000603021853774,0.005674049300863793,0.6607773851590109,0.23619249757763117,0.7536231884057969,0.0,1
0.9763522489034315,0.976633723274773,0.2521124809530406,0.2117235924953266,0.21874921135560654,0.4033390771119837,0.9140912831125727,0.08489842584368498,0.0396069874327489,0.05112706342648854,0.09299132054789405,0.5971731448763258,0.2523877635768006,0.8115942028985508,0.0,1
0.9692671043697594,0.9698452027970568,0.10061412014591126,0.09913457099393784,0.10006211388242325,0.23994612467323437,0.40113838490465153,1.0,0.03632781272251026,0.047620247433506374,0.0843199300853339,0.7031802120141348,0.09966317537950443,0.5555555555555554,0.0,1
0.970185543824277,0.9697056910198416,0.33333333333333337,0.43784009808447677,0.5173011431687494,0.6832893631900001,0.729081509464179,0.12560538688992606,0.022399955530078897,0.03317129644018657,0.044429604760003016,0.6784452296819792,0.3311954967009643,0.5603864734299506,0.0,1
0.9756781958879746,0.974703134900011,0.5420418340490374,0.8013581218639079,0.7140597740403812,0.8248659429308667,0.8758462474477225,0.18351265847070583,0.09240441537476834,0.10603059049951433,0.21749085234149224,1.0,0.5414571125363354,0.34299516908212535,0.0,1
0.9687111763793617,0.968920963471156,0.23572055224638688,0.23237733764218843,0.2450950468040815,0.43345490938767817,0.8180396648804599,0.10526348486323125,0.01223693985250382,0.022584414335932668,0.013136262274014321,0.5971731448763258,0.23628477829557515,0.729468599033817,0.0,1
0.9646202486572086,0.9651820757269078,0.1659509627372212,0.12383354398286549,0.10535329359324704,0.2486524187410976,0.7583909869972153,0.09770178408193314,0.03249822634418692,0.04358099280589314,0.07385089392739141,0.47703180212014207,0.16642827481197803,0.8309178743961354,0.0,1
0.8660154255565082,0.8667570632187509,0.04077203675485985,0.014894309435333122,0.011369980746426669,0.04277861938943903,0.5756007889219363,0.1414775603790485,0.028972603443976896,0.03866957228610271,0.06730069805180028,0.35689045936395836,0.04134176163890556,0.9227053140096615,0.0,1
0.9709986893991207,0.9715046181482769,0.11580551322897908,0.12021781413899842,0.12892990627888146,0.28534392736266767,0.8285358912087696,0.21301869322836567,0.010234026172990573,0.020525486412081267,0.006628137279068191,0.5406360424028271,0.1139666866608222,0.7391304347826093,0.0,1
0.6732931700918137,0.6736096513130185,0.23936833356420556,0.18238528430118595,0.13106552214181716,0.2885165450462297,0.7975650895629954,0.045786500568464755,0.02972945965190077,0.037007545068197145,0.07628437368560581,0.34628975265017736,0.2388686383980067,0.7053140096618353,0.0,1
0.6744721312690007,0.6748759735745189,0.17846423789075128,0.12629890033375968,0.09765548978477215,0.23592151466462355,0.848341283066096,0.0326995221417771,0.01242924655615163,0.019432045066511583,0.024119828174984814,0.3215547703180217,0.17851704886264014,0.7874396135265691,0.0,1
0.6696929954654429,0.6701307273530883,0.16562774160779425,0.1120535680498899,0.08346220440213695,0.21127993489055594,0.7503644679880428,0.03555738194767613,0.014646316322517478,0.02163056137902092,0.03129718457300079,0.3038869257950534,0.1652286254787062,0.7584541062801922,0.0,1
0.679110970502558,0.6796272128085636,0.09576580320450662,0.05686591337384869,0.05538811048281905,0.15679888540051132,0.635919443829376,0.07756193340701088,0.005383141787073914,0.012317281459958085,0.0009752454285871792,0.3003533568904597,0.09537212199510912,0.7632850241545892,0.0,1
0.6731721378079865,0.6736125713980474,0.21397238768065752,0.1422830372887513,0.08323817440817363,0.21087756765400098,0.7500591674752038,0.037962233710487306,0.04051550406527055,0.04796965892976496,0.10611645113839785,0.3038869257950534,0.21307617773266274,0.7826086956521738,0.0,1
0.6744003155660785,0.674930267081324,0.11225008080528237,0.06671220228409686,0.04900355597204277,0.14300736540158163,0.7143258728923729,0.07091415636111226,0.028042719399938826,0.035303992708808934,0.0714067647361385,0.3215547703180217,0.1096294929174549,0.7971014492753614,0.0,1
0.6365610851137262,0.6367779802386426,0.35397331116959874,0.295084045379207,0.16062041650535297,0.33028375328642834,0.7169591398003133,0.05307215011169546,0.0652184809794693,0.07252253154953348,0.16942505193445,0.3710247349823321,0.3538504129562128,0.6328502415458939,0.0,1
0.6368855247772238,0.6370046091927524,0.2626864293300088,0.2485828458121107,0.19831315532985927,0.3788029726961768,0.7889274673700526,0.04199492089661733,0.009458051754762525,0.01599492957953691,0.015905956637339624,0.3427561837455837,0.26309232685830297,0.6521739130434785,0.0,1
0.6357988758832178,0.6360791960921883,0.30345846608486865,0.2556061787165767,0.13604794404745585,0.295830902872538,0.8124264401981037,0.09241592991904413,0.06379264806812895,0.07106433462206693,0.16608486790275645,0.4028268551236751,0.2986665436257094,0.6714975845410631,0.0,1
0.8641213400609544,0.8637755632365955,0.3962229302304105,0.484261831061598,0.436238995982493,0.6174200892452579,0.8192241349368699,0.1240085645791919,0.052254245849259834,0.06266748419037446,0.12983081895254012,0.6431095406360425,0.39569971854381025,0.4734299516908216,0.0,1
0.6388320501011169,0.639280770427705,0.12951932400609503,0.09701356986626909,0.07199959220909073,0.19008552558844746,0.635125404268106,0.08081617405005043,0.004670145002789006,0.011158048634577755,2.3903429510863106e-05,0.2826855123674914,0.1297928297882157,0.7053140096618353,0.0,1
0.6367737797201904,0.6369869657680329,0.2453710116821351,0.20671341320356312,0.1620978976723969,0.3322771827595459,0.8600079148891084,0.05716617945581874,0.01568528662534993,0.022306173794748946,0.035720592619431724,0.3957597173144878,0.24523600793614175,0.6618357487922708,0.0,1
0.6388315199760584,0.6389283648779518,0.2882208985547398,0.257356335757695,0.20734003385912958,0.3897779595742278,0.8175737683045494,0.030637004271984486,0.010045414585620027,0.016612493598702677,0.01774059376278503,0.3427561837455837,0.288192682139067,0.7101449275362324,0.0,1
0.6360559872472447,0.6365789538695648,0.4870480675993905,0.24450356086005554,0.04279954709554333,0.12895774747915387,0.4633420695295514,0.11938710686276616,0.32279668249247484,0.3336379670193983,0.5604706662321055,0.2720848056537104,0.4860886817699442,0.7053140096618353,0.0,1
0.6425707814076702,0.6428727179426055,0.24380108048206123,0.19687090841664712,0.12934649739192855,0.2859646095944609,0.8373656778593163,0.06481759198055947,0.029629048883496517,0.03651565050533401,0.07709382469383774,0.3710247349823321,0.2429289899875421,0.7053140096618353,0.0,1
0.8684011040777921,0.8676421186056409,0.4958212125409798,0.6867956800448041,0.5990264967478568,0.7448126176950213,0.9339561477748243,0.14774333484382804,0.068434035426847,0.07942557776029313,0.16871975089700397,0.8162544169611312,0.49568587643611867,0.46859903381642454,0.0,1
0.8713298417547843,0.8705527213703892,0.37752227917070696,0.6147535400473773,0.6069319660318886,0.7505414290073121,0.7917624407000994,0.0987644950839939,0.016634128222462713,0.026025292146226814,0.030359314614265553,0.6431095406360425,0.377935680339593,0.5072463768115938,0.0,1
0.8660254792178126,0.8651308832774447,0.5152606547536593,0.9517732401934444,0.6514137545249509,0.7821209193324139,0.6621630453032104,0.16465514815594245,0.06292574165803402,0.07370932149820131,0.15586828743037584,0.6607773851590109,0.5142804411018317,0.2463768115942031,0.0,1
0.8690204360724412,0.8678256277324401,0.4864477997875976,0.7788009626809758,0.7697036766339244,0.861322098837052,0.6988686320027813,0.11804437982829966,0.03560887162073584,0.04557827862110933,0.08584978091042039,0.7173144876325095,0.48576569925714025,0.41062801932367154,0.0,1
0.9214735355386914,0.9210634635947255,0.25756106570623816,0.2480341479289493,0.4767003585194548,0.6509738942512897,0.6504351046714714,0.13582525637519416,0.019519371406097774,0.02959582876970754,0.03745392113459456,0.6678445229681982,0.2577861855765238,0.5507246376811583,0.0,2
0.9033739936610115,0.9036602985168365,0.2816179526250173,0.1859877697133905,0.19870473685011913,0.37928376746799375,0.5714334261905922,0.14243977988228204,0.0912116961033553,0.10351184630245663,0.21753610066011442,0.48056537102473573,0.281825312600932,0.6811594202898554,0.0,2
0.9037367079337653,0.9039365253146947,0.36958027427621554,0.2646937508987293,0.23272038068308948,0.419507194033911,0.6300653025227018,0.345947955538029,0.1489625077436785,0.16324424953848762,0.3248994190724446,0.7173144876325095,0.3699533982374383,0.3961352657004831,0.0,2
0.9115658824891089,0.9117991574789919,0.1964722722445399,0.15709409601077717,0.22154560056855527,0.40661266323923106,0.7864108566924206,0.14870886081008122,0.023746263112843086,0.03384388208067016,0.05047944282105066,0.5830388692579511,0.19623494670788538,0.6859903381642507,0.0,2
0.9141214898823886,0.9141797619709031,0.1505748718659094,0.13773641310517593,0.29088165932063764,0.4824005233154538,0.5552969833001558,0.22413141192592104,0.007593303292573544,0.017159350621042707,4.6192264600009025e-06,0.5371024734982335,0.15055599132561248,0.5507246376811583,0.0,2
0.9118302459067777,0.9119681037584346,0.3061827584614674,0.22315353702007856,0.25906229430564354,0.44880871009001433,0.7151780370519759,0.18282812240446888,0.08412864017150481,0.09633186785916048,0.20223394269863082,0.5830388692579511,0.3065565450099202,0.6038647342995169,0.0,2
0.9184273115838497,0.9187158761144048,0.15994828461929167,0.1294681036244333,0.20154421390611538,0.38275722182619276,0.6795523489287119,0.1415368797573282,0.013422429548591741,0.023239084199506516,0.018657011898712383,0.5477031802120145,0.16052230886356295,0.6521739130434785,0.0,2
0.9029004589700129,0.9036189268464891,0.06473657477951703,0.034817718779090456,0.029072757700022524,0.09504699389993287,0.6179680726300297,0.08314933437368804,0.0074810038891902075,0.01691233449775903,2.806463544624549e-05,0.3745583038869258,0.0652424675863978,0.9468599033816414,0.0,2
0.9030165286734331,0.9034216277303049,0.27579997229533176,0.1835451181024892,0.1520197406942545,0.31851195936589316,0.6081950136693853,0.1886445134617572,0.08370097062671744,0.09573667533548727,0.20162126525509905,0.5123674911660778,0.2761961888063489,0.5700483091787429,0.0,2
0.8656220226064111,0.8660639817893845,0.24781825737636792,0.15641106174932454,0.12850512720487245,0.2847101372197418,0.6769766425247625,0.16827829097173366,0.09662696933631856,0.10843752205269172,0.230022579890115,0.5053003533568905,0.2478660083975453,0.6908212560386477,0.0,2
0.8682642124941076,0.868634420010375,0.2482800018469779,0.19972224534742036,0.15721600743370912,0.32565882012486647,0.5037383892089957,0.2692980717363321,0.08687989522578127,0.09843204415800758,0.20964671749557873,0.5017667844522968,0.24837355234623726,0.5169082125603861,0.0,2
0.920988258023014,0.9211697815115727,0.19919656462113866,0.16746637806419387,0.24422042741497219,0.4324800431949133,0.45531076373097124,0.2109320051911728,0.020387884388487182,0.030482332718906657,0.040103753031246026,0.49823321554770317,0.19808056106676508,0.5845410628019323,0.0,2
0.8684885616561093,0.8689167480027926,0.34242969940434964,0.21706109845532084,0.13458633509821716,0.29369765868834596,0.5097239688665833,0.21860124452912,0.17443278358571515,0.18874373361340183,0.366752175151035,0.4522968197879864,0.34236146357218655,0.7053140096618353,0.0,2
0.8670264757222093,0.8677977782226982,0.0,0.0,0.0,0.0,0.4274613217212488,0.17707144081311943,0.01545104838481648,0.024736656475062152,0.026832598186600443,0.3215547703180217,0.0,0.9710144927536231,0.0,2
0.8721118493016888,0.8724758252920815,0.2715980976127811,0.17491164072019436,0.16059269050817893,0.3302462663599325,0.774053555752632,0.23087801342187925,0.1180541453420971,0.13066204991867367,0.2715611673571541,0.6289752650176679,0.2716744336270936,0.7053140096618353,0.0,2
0.8673524391850975,0.8678006377956731,0.25691462344738425,0.14771325427038318,0.1264821591053022,0.281679061715309,0.5977113412219791,0.20786063217927814,0.11883011976032512,0.1313683016047191,0.27317423535651253,0.49116607773851584,0.2568172380381119,0.6425120772946862,0.0,2
0.8666270431995429,0.8673132232642793,0.050283972849425124,0.028284429846137545,0.033207880323479516,0.10573268883992212,0.7271149695693314,0.07073416392537535,0.0070949445668295474,0.01611521752688705,2.7673330596833523e-05,0.3639575971731448,0.050800535228164065,0.9371980676328509,0.0,2
0.8702233445620493,0.8704559782232462,0.21291037539825464,0.14715888020222354,0.21152609753870527,0.39479265020754617,0.7873611026899339,0.13592000838124876,0.04716317890532021,0.05749505216675374,0.11663995636608071,0.5017667844522968,0.21298389701471876,0.6908212560386477,0.0,2
0.8923637552650554,0.892756735580873,0.2738144710717089,0.17515760873678396,0.15417348723859897,0.3214872810847479,0.6875236729113786,0.1449113783492252,0.09852947224742759,0.11088006394986782,0.23294423295425792,0.48056537102473573,0.27407373229363724,0.7536231884057969,0.0,2
0.8976982447926591,0.897983097485799,0.23438149328161795,0.16749475898918498,0.19787094505629393,0.3782594902566545,0.704381598287782,0.20288814929935942,0.06745081318263257,0.07885132076330548,0.1654085384439954,0.5583038869257955,0.23457758501361142,0.545893719806763,0.0,2
0.8957280718800433,0.8961550889473529,0.25617583229440827,0.15609130332775806,0.1416504288231673,0.3039153540883438,0.6006116144803482,0.24554590423262426,0.1135938186809656,0.12650957117507292,0.262335100980982,0.5477031802120145,0.256401974807364,0.6618357487922708,0.0,2
0.8996172613726596,0.9000228612552892,0.2364593433993628,0.16018950889647396,0.1509945207218854,0.31708902409238227,0.671748490682422,0.11736704014648494,0.05882207404627443,0.06995851800598743,0.1448201078714879,0.45936395759717374,0.23688460296221103,0.7342995169082123,0.0,2
0.9200115740398811,0.920056786576394,0.23313478321097103,0.22742392020040716,0.2975087137987749,0.48917528168667856,0.5355694587561317,0.20286872339237474,0.034250514745763155,0.04482600946860932,0.08030298120914647,0.5653710247349828,0.23263968993678769,0.4975845410628015,0.0,2
0.8939054893178842,0.8940453460812599,0.24384725492912224,0.19129121856339543,0.25376921506977873,0.4430368097349857,0.5381105780835033,0.1610237207182153,0.04632952854172076,0.0569670596369064,0.11364993402222323,0.5017667844522968,0.24385179716698197,0.5362318840579707,0.0,2
0.8922777473501675,0.8924811680563227,0.18857644179710947,0.16144016165774874,0.2284476176509116,0.41461153016039953,0.5720285214537517,0.16230997930863456,0.01688266495641691,0.026515841886494085,0.03039333335714023,0.5123674911660778,0.1885295067595626,0.6183574879227045,0.0,2
0.8956800164371916,0.8959955390772087,0.3172184513090456,0.2421952456274455,0.18534852770425908,0.3626310118524043,0.673379248258876,0.25390749281279784,0.11214806427317386,0.12501651183869314,0.25958276159146454,0.6113074204946995,0.3173072486503945,0.6280193236714968,0.0,2
0.8978654421807128,0.89823804909493,0.24781825737636792,0.15359378192854062,0.16350407674744066,0.33416681738925635,0.8102191468244443,0.14136754193845805,0.09487259239075951,0.10719893674428282,0.2253036309366565,0.5159010600706715,0.24823513126932129,0.7536231884057969,0.0,2
0.8958717363834108,0.8962581702570382,0.2953317634021333,0.19006894672711172,0.1575956593320157,0.3261767987651545,0.7168076355349504,0.3270541853145231,0.12398416433820789,0.13725218286698873,0.28166765301183805,0.6007067137809194,0.2954828588566419,0.4975845410628015,0.0,2
0.7211352514184721,0.7216227927576018,0.2799094980837605,0.16216860539918718,0.07631964922429868,0.19822402092290495,0.5875899323491481,0.12731744316271207,0.14512778033401283,0.15534921511037655,0.3249132012450029,0.3427561837455837,0.28034882111382825,0.7149758454106276,0.0,2
0.7228356988801732,0.7232836743694708,0.42946853211432795,0.2397828670032014,0.09203396954754989,0.22635380519417916,0.6071128844282212,0.10741396090629476,0.2152472707549862,0.22693591097944124,0.43052212017235814,0.3321554770318027,0.42979744382411295,0.7149758454106276,0.0,2
0.7262305910826736,0.7266782593597121,0.21143279309230273,0.1298238112176552,0.09295603986115691,0.22793967425317638,0.6428925007503714,0.09465004990382347,0.07513183532248405,0.0840182051626173,0.18900828915302093,0.3215547703180217,0.211507405527615,0.6763285024154584,0.0,2
0.7226771932632143,0.7230480669250099,0.2751535300364778,0.16699147058600933,0.12183859143641727,0.2746399965777314,0.6787976730782017,0.09365798578611953,0.1089765299066646,0.11849665132499435,0.2595881320682447,0.3816254416961131,0.275550223780741,0.7004830917874401,0.0,2
0.7218372593720854,0.7221696130172965,0.2975943113081221,0.19049466060197834,0.13654618442120148,0.296555774218046,0.6630048325211797,0.11448485302834058,0.11437300624378258,0.123987792160458,0.2699475019978883,0.3710247349823321,0.2979282978821575,0.6521739130434785,0.0,2
0.9915552493088011,0.9910967154742458,0.28374197718982314,0.2441251485268408,0.5146985287512356,0.6812554593532502,0.7491728291104821,0.14784826856189975,0.07437305122780682,0.08752992752101729,0.17797686744122476,0.6678445229681982,0.28362478660083973,0.31884057971014457,0.0,2
0.7231094165051033,0.7234785813333158,0.19873482015052868,0.12837638404310872,0.12260319970872378,0.2758070144811158,0.5305310415088265,0.20709983093522388,0.06510971603513382,0.07374229091308662,0.16608625009552558,0.4240282685512371,0.19863424537442903,0.5700483091787429,0.0,2
0.7244623663859322,0.7248239567601047,0.3706422865586185,0.22692063179723154,0.1258583662211954,0.28074012965738926,0.6258206555950577,0.19204305293554133,0.17511268498073398,0.1860236418895345,0.3728760405787077,0.4346289752650181,0.37069164398099014,0.5507246376811583,0.0,2
0.8919626302302355,0.8923081374937905,0.22782472179895646,0.16453179042011337,0.17268169979543202,0.3463237681401685,0.6945627119625926,0.1759227135119616,0.06361512182959025,0.07479775155852597,0.15659639857965102,0.5371024734982335,0.22839477691136434,0.6376811594202891,0.0,2
0.8600674929727941,0.8604296763218446,0.26060857921226394,0.1658524494630329,0.15835708868909026,0.3272139681149192,0.7962552777698795,0.09583957929080988,0.08300291496477111,0.09429586219056427,0.20162063050688817,0.4876325088339222,0.26106215106353525,0.7729468599033815,0.0,2
0.8913401969375698,0.8917387375819281,0.27012051530682923,0.17075099711649802,0.1517447372879805,0.3181306962265491,0.6278480524569192,0.24354629393138524,0.11553166618255292,0.12842859493394057,0.26615554413102105,0.5406360424028271,0.2698288192682139,0.6038647342995169,0.0,2
0.8963460389571072,0.8969308164803937,0.11746779332317495,0.09007727179844247,0.07994925663880416,0.20491830780004103,0.6185760382615922,0.2557832207659749,0.03367086346191911,0.04391111837398304,0.07951855750257275,0.5053003533568905,0.1179347575324136,0.7342995169082123,0.0,2
0.901974727655876,0.9019810932452863,0.2092164196333749,0.19291271541122068,0.30815383869832,0.4999102762934591,0.5614765457649248,0.25037889110797856,0.02969266914635746,0.03987812944752259,0.06809884920502718,0.5936395759717321,0.20970793152770728,0.4830917874396139,0.0,2
0.896485522051135,0.8967702234307886,0.2926536454725955,0.23962771794658333,0.1976305476332072,0.37796380464630563,0.521874447257737,0.3376280317820866,0.12976557539708042,0.14324217985762186,0.29207540832535894,0.6678445229681982,0.2931758409080423,0.5507246376811583,0.0,2
0.8927209402553782,0.892915361739119,0.18829939511474353,0.13594841483073616,0.23208532515887897,0.4187822148532203,0.6036530072678203,0.2855174708279379,0.05064172923730231,0.06140572398716168,0.12475501142169376,0.6219081272084805,0.18876020855442255,0.4734299516908216,0.0,2
0.8851959309259474,0.8855436096913198,0.1219928891351526,0.07492753403818939,0.17017247756009146,0.34302964132305347,0.5048648539777925,0.21074546301486446,0.025742589845949015,0.03558125846622351,0.05727621019194995,0.49116607773851584,0.12254879342961288,0.6570048309178738,0.0,2
0.9237106164805144,0.9239790767556251,0.32312878053285315,0.25020812678326815,0.21075149088801276,0.39386818542453417,0.49486572310197874,0.38383392914192727,0.11295038647703118,0.12638022684404684,0.26013147700311334,0.6643109540636045,0.32298251280394963,0.3961352657004831,0.0,2
0.861897529337103,0.862469518817047,0.5765803204506625,0.2879661093914373,0.07675538926986471,0.1990344261330744,0.7101270716212935,0.3460196536346428,0.48948128921642975,0.5133880538369039,0.6997575410378825,0.5265017667844525,0.5747243113551422,0.6570048309178738,0.0,2
0.8610620488771623,0.8615542750411631,0.28642009511936095,0.1563410554676798,0.10774763474781555,0.25253055696795057,0.7429238375642184,0.18762409053001922,0.15238852316163146,0.16584050360455108,0.3320659592910187,0.49116607773851584,0.2868546117288792,0.7101449275362324,0.0,2
0.860603888432836,0.8613217518190712,0.055086115343768755,0.027720595469647547,0.019406595721750235,0.06805223743448,0.6510398222533298,0.09265152315231784,0.017680810072308623,0.026961238847587637,0.03396659615503861,0.33922261484099003,0.05541457112536334,0.9323671497584538,0.0,2
0.8598015098304508,0.860034431695043,0.19827307567991875,0.1400863536944396,0.2088333703531055,0.3915722098884039,0.5716292489036052,0.17936886581034076,0.047885011837224684,0.05809293128508625,0.11886756048151392,0.5017667844522968,0.19858810501545704,0.5942028985507246,0.0,2
0.832662081171307,0.8332475592774724,0.14632682273629774,0.07579599034291726,0.06455796465272456,0.17559238546114295,0.697385109530553,0.0840118384925917,0.057859737241888115,0.06796714005522697,0.14482777600891739,0.3816254416961131,0.1463110783001892,0.8599033816425123,0.0,2
0.8296711343964951,0.8300946494985055,0.3738283234058272,0.19735338414149595,0.12703899362988125,0.2825154937189037,0.8156792489313923,0.11118547811690685,0.17181824783369795,0.185134192235301,0.3641042402087402,0.5123674911660778,0.37396760946800167,0.7729468599033815,0.0,2
0.833009545046492,0.8334063300998782,0.2999953825552939,0.19702038128826693,0.13827410758555436,0.29906063739513145,0.6443501159503243,0.11080449014993057,0.09750030203559137,0.10875651290012311,0.23294552934403567,0.4346289752650181,0.3003737369076731,0.72463768115942,0.0,2
0.830423678044486,0.8309297581680788,0.28521955949577504,0.14483353641461882,0.09500697410345006,0.23144355024627974,0.6604604835694159,0.12555585981196493,0.13852428623206106,0.15090461830652538,0.30977418296629855,0.41696113074204977,0.2855165413186915,0.7101449275362324,0.0,2
0.7352531987331705,0.7358321965114225,0.22283788151636885,0.09748469322112147,0.0442136701694689,0.1322213195377008,0.6176670889109465,0.2368801279251204,0.17451327285766802,0.18566274402942554,0.37157802112165506,0.3957597173144878,0.22331933742444515,0.6473429951690814,0.0,2
0.7422475556919395,0.7428296678147355,0.18806852287943854,0.07214052720406264,0.044638116419848495,0.13319358404920936,0.9809936019035502,0.13940850104409802,0.15270662447593616,0.16354527487608675,0.3367827801592007,0.36749116607773846,0.18732985742629077,0.8260869565217384,0.0,2
0.9190929641203418,0.9191110083010248,0.2479567807175509,0.22749960266705013,0.3079436687359836,0.49970004349363895,0.8052205385718584,0.15608830083444328,0.0374181933387657,0.04809406749933351,0.08905649372880298,0.6607773851590109,0.24832741198726527,0.5845410628019323,0.0,2
0.7344093603509876,0.7350346597270256,0.10167613242831416,0.039931961462487994,0.026080071727235372,0.08701554397287464,0.5564204511246451,0.1482970606478905,0.0940836047369463,0.10350214209662292,0.2294447732477427,0.28621908127208506,0.10233931619988003,0.7584541062801922,0.0,2
0.7343914829093912,0.7348086222545351,0.285588955072263,0.15771847636058153,0.10671484139467924,0.25086231141839876,0.7328856789781332,0.2203383408866185,0.15681077405938407,0.16756705374298195,0.34375768701184617,0.49116607773851584,0.2858856641904674,0.6231884057971016,0.0,2
0.7377498827548497,0.7382915828751848,0.21641963337489034,0.08657506565453982,0.059248254856233404,0.16484614635512315,0.6869643310330097,0.1478508398905659,0.14234102003202867,0.1528582780878245,0.31959832933531596,0.3533568904593647,0.2167674064504222,0.7391304347826093,0.0,2
0.7363344636574229,0.7369241523444572,0.0768342799094981,0.04707827837524882,0.04032363593954247,0.12315048988780916,0.6343093222209041,0.11333838990771919,0.010841792471987827,0.018512813249130677,0.016839332620818936,0.3215547703180217,0.07746966271397591,0.7971014492753614,0.0,2
0.7304179559033326,0.730725243122583,0.2168352033984393,0.12250531669328167,0.14831264182086373,0.3133461760496886,0.5939250352153227,0.17833938854076625,0.0965749163939778,0.10598106233244484,0.23469014514310205,0.42756183745583076,0.21713652932219812,0.6328502415458939,0.0,2
0.7290899082997733,0.7295642214079212,0.22376137045758876,0.10636413862000592,0.0833150047666522,0.21101560845636377,0.6205880808133383,0.10986031880816621,0.119072069547872,0.12892103064276714,0.2785057550786636,0.33922261484099003,0.22424214460388503,0.6618357487922708,0.0,2
0.7298407130040925,0.730218435868867,0.26397931384771667,0.15574505604286654,0.1208972402708655,0.2731988162979776,0.6862858072239814,0.1920068777143711,0.12792090908857226,0.137971596953349,0.2946496868722779,0.43816254416961176,0.26433811655054673,0.5410628019323678,0.0,2
0.7326402441339397,0.7330955862486466,0.31292422773237294,0.16842565332889328,0.09150114553347545,0.2254343621992854,0.5701846570836824,0.19899820836479204,0.18471356101247474,0.1960195828954662,0.38700875180111405,0.3957597173144878,0.3133853181377751,0.6811594202898554,0.0,2
0.7218235020829553,0.7221617577783004,0.13856951563005032,0.09381976977393648,0.13425866629677125,0.2932180172652322,0.6899880784751125,0.11378977260502895,0.012673284887681324,0.020220897128210402,0.02321186591057378,0.4310954063604244,0.13851335763392236,0.6763285024154584,0.0,2
0.7258817349466096,0.7264082446840021,0.13852334118298934,0.0748177944615571,0.062350596072388076,0.1711683458156353,0.6030600598595317,0.07889993362177675,0.03409291000367584,0.04212626766164304,0.08670653754073543,0.3215547703180217,0.13860563835186634,0.7826086956521738,0.0,2
0.9289055342544064,0.9291899670088704,0.3154176478736667,0.21133761191544756,0.2057659816830104,0.38788027226053645,0.6700102334023001,0.16042130394420165,0.10668218401293486,0.11998440976042982,0.24786123203475618,0.5229681978798588,0.3156000553684308,0.5942028985507246,0.0,2
0.7327705185682074,0.7333632870261724,0.3073832940850533,0.12087625159879213,0.03830092691847623,0.11831359533101068,0.48994155130667427,0.22299682732781567,0.3104537088685362,0.32441724413649053,0.5440710380416109,0.3533568904593647,0.30775619434319196,0.72463768115942,0.0,2
0.738291839533467,0.7388900665263698,0.10430807591079097,0.049564447404469816,0.03747092256386926,0.11630356683453394,0.6995169803548674,0.11480011646879279,0.03796009017368976,0.04623762874094034,0.09690169498783696,0.3109540636042407,0.10469247450745166,0.7487922705313999,0.0,2
0.7346841416705683,0.735262247700728,0.11529759431130812,0.052695809461821994,0.04442645812664966,0.132709160851852,0.668026261237475,0.06410911381971665,0.03420585203597695,0.04235567222929576,0.08670819435179444,0.3215547703180217,0.11488949384026208,0.8550724637681153,0.0,2
0.7294513600659958,0.7299812757340014,0.14323313478321098,0.08988238944683687,0.061868426703325666,0.17019388802899896,0.7093999746287363,0.06443374115408422,0.027582597094803207,0.03552644622235826,0.0681207806833144,0.3215547703180217,0.1436349374798136,0.7971014492753614,0.0,2
0.7306910584184809,0.7312254780470866,0.09004017176894308,0.05380834172147339,0.06041470194965795,0.16723791996528906,0.622522761667257,0.08432298871475216,0.005932910826240867,0.013437982917885893,0.0009748351669327526,0.3215547703180217,0.09057352466202186,0.7826086956521738,0.0,2
0.7383301935632183,0.7389763377768919,0.038001569931200074,0.016031438496643482,0.018911660233986327,0.06658027018386614,0.8069576436840425,0.0984165209718191,0.007441642867975745,0.015061217716715952,0.005699224480070875,0.3038869257950534,0.038158076869838034,0.8260869565217384,0.0,2
0.7337205434571441,0.7342981981485668,0.09964445675763034,0.04916333033126216,0.0443766332324486,0.13259500646021297,0.3999323400388324,0.29744219313896464,0.06384711086891143,0.07261305360324244,0.16272734974418102,0.3533568904593647,0.10026300004614035,0.6763285024154584,0.0,2
0.736489934523405,0.7369779275847037,0.17832571454956825,0.09986679885870842,0.07976181893833172,0.2045756846608375,0.5309341824913534,0.14859404578563473,0.06702426823845134,0.07590202654644823,0.17009838852615733,0.3321554770318027,0.1787016102985281,0.6763285024154584,0.0,2
0.7361167946362421,0.7366934521195692,0.155884933277924,0.07637685327440193,0.04532176166277417,0.1347526527904643,0.5466045179403675,0.11485198059115953,0.07614574309752281,0.08521145502966873,0.19092681279851575,0.3038869257950534,0.15609283440225163,0.7584541062801922,0.0,2
0.7340422905479507,0.7345096663167894,0.13824629450062337,0.08384671273206137,0.08717138759463067,0.21787814932941066,0.657943497210155,0.07802777680079866,0.02877869016803461,0.03680629423402121,0.07140331570949865,0.3215547703180217,0.13846721727495037,0.7632850241545892,0.0,2
0.9000666168358133,0.9007989978989972,0.15039017407766542,0.054099719218048764,0.022951025902004346,0.07831867274780613,0.6268781032268582,0.06041975794826037,0.1151227935336108,0.12816729141096125,0.26507840879008704,0.34628975265017736,0.1499561666589766,0.9516908212560384,0.0,2
0.7400202062020149,0.7406218854915352,0.08329870249803759,0.04120910308708782,0.03653522560338424,0.11401936149044681,0.7011294825992386,0.05314986300189341,0.0068888213414493304,0.014515495492436609,0.00381499098027005,0.28621908127208506,0.08374475153416693,0.8309178743961354,0.0,2
0.7390632511453035,0.7396313668459484,0.10721706607563375,0.06322702469518887,0.04931933982447578,0.14370462975053058,0.7641390614518253,0.04734492706903834,0.005737230320774667,0.013328886264704631,2.611235772764786e-05,0.3038869257950534,0.10759931712268721,0.845410628019323,0.0,2
0.7317468042084698,0.7322410363263483,0.08491480814517247,0.048491648439805954,0.07622719756583267,0.19805183460556622,0.6699727103945283,0.11781206202502703,0.02162349914016251,0.029471042858522534,0.05049218032641356,0.36749116607773846,0.08494440086743875,0.7632850241545892,0.0,2
0.7382271885096188,0.7387607005493937,0.15242184974834927,0.0763503644110769,0.06253298222798925,0.171536180401434,0.5833145735047591,0.17192882946979002,0.06733658589249591,0.07624736733829168,0.17076473781067314,0.33922261484099003,0.15235546532552025,0.6521739130434785,0.0,2
0.7371913255156937,0.7377737152152299,0.20339843930368934,0.09292671666754963,0.043351350326149535,0.13023571381263724,0.6879659958639219,0.11038724057201582,0.12407718487405758,0.1341895070157426,0.2874321566678848,0.3215547703180217,0.2032944216306003,0.7342995169082123,0.0,2
0.7293520272675291,0.7298176825680986,0.1233781225469825,0.08721079837434062,0.08672952605634472,0.217098318976411,0.587502126478999,0.1591533466978749,0.0064879815539795604,0.013990811588541374,0.0028662610706664537,0.3427561837455837,0.12314861809624879,0.6328502415458939,0.0,2
0.7302247602860064,0.7306999208421008,0.15029782518354343,0.08242955854417208,0.08325462463129214,0.21090712812429643,0.5278956488707107,0.19873235023634234,0.051535947376403185,0.059992038672418146,0.13274902423339308,0.34628975265017736,0.15018686845383655,0.5845410628019323,0.0,2
0.7359747976975033,0.7365999919935682,0.2808329870249804,0.10127260067660127,0.02648368399745927,0.08811439649277389,0.6037840102086892,0.19830473253778916,0.291169378989119,0.3048287144293226,0.5229823974088781,0.36749116607773846,0.28113320721635215,0.7536231884057969,0.0,2
0.7359563693512694,0.7365772754949003,0.12268550584106755,0.054358931666300875,0.028140800714020767,0.09257420199368535,0.6297312296620075,0.10615300734996858,0.10437659211314385,0.1140424630001283,0.2501316395365816,0.3215547703180217,0.1222719512757809,0.85024154589372,0.0,2
0.734167290202949,0.7347371650257131,0.09909036339289837,0.052733650695143464,0.047494590340537685,0.1396524802956924,0.7570387920045106,0.06461161710382651,0.026215243414981493,0.03418867433132003,0.06398392133766118,0.31802120141342805,0.09883264891800857,0.85024154589372,0.0,2
0.901751150717784,0.9019124663838944,0.33439534561573625,0.28829343605966806,0.24732497407814114,0.43593310958764053,0.5144616996556972,0.28756299983398187,0.10301855655263004,0.11569445100827608,0.24160137897835643,0.6077738515901068,0.33460988326489177,0.46859903381642454,0.0,2
0.5983216788523968,0.5984821197315764,0.22796324514013944,0.17022689603499558,0.17310635989079498,0.3468791126192954,0.6999427929809776,0.11333560128116152,0.023711400494053125,0.029973365342926217,0.06147175812369676,0.31802120141342805,0.2280256540395884,0.41062801932367154,0.0,2
0.7321084409137981,0.7326411717326025,0.14706561388927367,0.07951956770175055,0.06140092735999379,0.1692462546670024,0.653532467437892,0.06665648767779386,0.042440177674043206,0.05073066125149264,0.10915231018973337,0.29681978798586606,0.14764914871037693,0.7826086956521738,0.0,2
0.6034583351267173,0.6038113478647702,0.273260377706977,0.15376595954015332,0.10047081623578183,0.24062550052303225,0.6056290020980599,0.34329467473921976,0.10848411549841017,0.11576566966258517,0.26288611271891593,0.4310954063604244,0.2737968901398053,0.42995169082125617,0.0,2
0.6014395123085503,0.6018931707351793,0.15907097012513277,0.09028539858171059,0.061393234294256194,0.16923063723274487,0.7416878561865861,0.04551124856219242,0.03589243163070946,0.04232482672449861,0.0961229873675915,0.2650176678445231,0.1593687998892631,0.7149758454106276,0.0,2
0.5982721658525492,0.5986806907762947,0.2016899847624325,0.12364622987792419,0.07796484595547536,0.20127407296797153,0.7521973131241846,0.041482290137453755,0.043471436429862204,0.04994542786076839,0.1166515933898209,0.26855123674911674,0.20214091265630046,0.7149758454106276,0.0,2
0.616207882527295,0.6165338099100683,0.24486309276446416,0.15343106462525827,0.11387225708634481,0.2622854490047509,0.7372719093507998,0.06317449407153722,0.05219287478761114,0.05902172411815784,0.1384674386822029,0.2826855123674914,0.24445162183361785,0.5797101449275353,0.0,2
0.6143873175183252,0.6147714511101618,0.29417740222560834,0.15775631759390302,0.0910951716413281,0.22473230547542503,0.593821321229068,0.16540782715140787,0.13835880928573083,0.14620686216173653,0.3171588833359169,0.3215547703180217,0.29432934988234205,0.5217391304347831,0.0,2
0.6165383575668741,0.6168424865456963,0.1985501223622847,0.1457038847810128,0.12232063918781057,0.27537611506667925,0.6597208771429318,0.1281320727632586,0.010084293635146152,0.016399762224420106,0.018663513265396947,0.2932862190812724,0.19715775388732526,0.47826086956521685,0.0,2
0.8749821355138785,0.8754749835033913,0.15630050330147297,0.0925464122726688,0.11084752522292708,0.25749690999458086,0.8928647118764552,0.043465570788920424,0.027350608055482034,0.037112246643682484,0.06231298086533599,0.4240282685512371,0.15618511512019562,0.8888888888888893,0.0,3
0.8707130386737614,0.8711618241660233,0.1611949946899386,0.10626953553670222,0.12706402610053952,0.2825530576550851,0.8231700409275357,0.03319786264292335,0.010592291794656927,0.019770704637710357,0.011293203504282534,0.4346289752650181,0.16033774742767498,0.8937198067632846,0.0,3
0.8588986283700475,0.8596159383865345,0.05250034630835296,0.025098198000469234,0.01922496387732084,0.06751320081462356,0.7276343819752998,0.09258037499456953,0.02658282715595578,0.036116688286554094,0.06064994235143839,0.36042402826855113,0.05296913209984773,0.9130434782608692,0.0,3
0.9060941143395826,0.9063796988336552,0.20736944175093502,0.16467747916840106,0.19966022207554324,0.38045511646350205,0.7737488187862066,0.06161820338281639,0.01675140799995889,0.02654109983273975,0.02950322278006734,0.5053003533568905,0.2069856503483597,0.8115942028985508,0.0,3
0.9084393042716439,0.9088766816723783,0.22902525742254237,0.14451188593138628,0.14067657485800067,0.3025203998038076,0.7500701777104131,0.055347112626321776,0.0557724785169153,0.06693477443610626,0.13704164415424458,0.46996466431095474,0.22904074193697227,0.8550724637681153,0.0,3
0.9051533935917124,0.9054269668174744,0.22025211248095306,0.16155368535771317,0.20413956566977104,0.38591242051970265,0.758498669210609,0.043059252709454196,0.015296817444547556,0.02502576689522598,0.025013603181199162,0.4558303886925801,0.22032021409126562,0.7874396135265691,0.0,3
0.9028711573819201,0.90358133916234,0.3542041834049037,0.13169316814373613,0.032316120678914095,0.10346608962283713,0.6960549216165008,0.13995816958015042,0.31439350610626005,0.33428202121502715,0.5422479579539874,0.4240282685512371,0.3543579569049047,0.8115942028985508,0.0,3
0.9056716128746753,0.9062994085854221,0.2427390681996583,0.11236575822479207,0.06529729266325694,0.17706085514813955,0.7686865532384668,0.06604843593186707,0.1296638793708406,0.14331665139633612,0.29157211975950537,0.40989399293286244,0.24255986711576616,0.845410628019323,0.0,3
0.9089487949812174,0.9094137035937404,0.14503393821858984,0.08246361565416141,0.12999664414184675,0.2869315138811588,0.7879364688786357,0.03224549062702921,0.009275705799340422,0.0188384231972738,0.00568939276723146,0.4310954063604244,0.1453882711207493,0.8840579710144922,0.0,3
0.9095269907252082,0.9099967796537083,0.15002077850117745,0.08744162989760162,0.1282215611352982,0.28428653083327315,0.747631247003522,0.04828207344908554,0.01043741822547023,0.020046718105345834,0.009432607374853408,0.4310954063604244,0.14903335947953672,0.8695652173913047,0.0,3
0.9065232377297416,0.9068422324973806,0.18225054254975298,0.11683480788005844,0.18665801016536165,0.3642874535438827,0.7898687412123755,0.047286624995829196,0.016467847989985268,0.02625242674799666,0.028609925436236416,0.4876325088339222,0.18248511973423154,0.845410628019323,0.0,3
0.8606044528269337,0.861188330688579,0.1921780486678672,0.10320061151433048,0.07179937802400142,0.18970364318917707,0.769254290971464,0.07382581089104459,0.06660929061479023,0.07740152176671375,0.16474752105980528,0.4028268551236751,0.1908365247081622,0.7826086956521738,0.0,3
0.9070879662104989,0.9074877733037621,0.1869603361499746,0.12835178724144977,0.15508935356002457,0.3227468645260392,0.7937824877652839,0.025784674005080235,0.00925498101674177,0.01879697043660586,0.005687149196847763,0.4346289752650181,0.18746827850320674,0.8599033816425123,0.0,3
0.9896194387497577,0.9899033764877121,0.13686106108879348,0.05352453247156232,0.2210958381621554,0.40608744612310477,0.9003562161546238,0.0,0.07958461109383155,0.0929105295409875,0.1896363157892007,0.49116607773851584,0.13712914686476257,0.9420289855072461,0.0,3
0.9078262641234858,0.9080648468361119,0.28831324744886183,0.18808228197773422,0.21853154498714356,0.4030834564702259,0.7750815923076912,0.10449525756097383,0.08406518056587334,0.09619709025257114,0.20223757199590287,0.5265017667844525,0.2871775942416832,0.6811594202898554,0.0,3
0.9009532813937025,0.9015524265334811,0.16687445167844117,0.11558604718044972,0.07541342949433215,0.19653256362340762,0.7743192688160573,0.07271468816258211,0.03921385919229259,0.04970193427046782,0.09456551435818561,0.4346289752650181,0.16707423983758596,0.8599033816425123,0.0,3
0.9026484131116259,0.9031936101675004,0.1665050561019532,0.1056129901385746,0.09697800344520478,0.2347809944214662,0.7737690548740095,0.04731470081099788,0.01787022494582638,0.0276546317999547,0.03307354475284496,0.4346289752650181,0.16702809947861397,0.9082125603864739,0.0,3
0.9044991740073787,0.9050995589526298,0.09262594080435888,0.0646271503280835,0.07577195948855156,0.19720273901207833,0.7862729876619137,0.11267465455294515,0.0074967482976759925,0.016947515641090094,2.389895131926778e-05,0.4734982332155484,0.09324966548239745,0.8937198067632846,0.0,3
0.6312541310205475,0.6318100614900057,0.07157039294454448,0.03816477586637504,0.029016986480455878,0.09489971136307535,0.41510297056949913,0.1612094210764731,0.02807597544643431,0.034794868184188615,0.07304254787715259,0.20848056537102533,0.07147141604761685,0.729468599033817,0.0,3
0.6208534919008066,0.6212942207304479,0.11058780071108648,0.06416927140489363,0.07087434776974945,0.18793369681930175,0.6713740444254204,0.07250102750958848,0.02002913679513249,0.026517042594543155,0.049636646978961085,0.2720848056537104,0.11124440548147464,0.7053140096618353,0.0,3
0.6285889298493572,0.6289944106001997,0.15468439765433808,0.09898699018398409,0.08622675071908036,0.21620897384850454,0.6965353974458824,0.07649579501168513,0.025495017055371494,0.03214815701771323,0.0656398062721597,0.2932862190812724,0.153601255017764,0.7004830917874401,0.0,3
0.6133675301591488,0.6136686029142115,0.16405781040772038,0.13315194768827907,0.1227424490407009,0.27601920744422803,0.5696103372075396,0.10081384299348364,0.007506066416983925,0.013754911790281293,0.010363695481588664,0.3109540636042407,0.16439809901721036,0.6086956521739122,0.0,3
0.863055331207013,0.863611079249269,0.20464514937433625,0.10109285481832425,0.08338261811169659,0.211137045662298,0.6876595474421603,0.19404270734152007,0.09428169510085421,0.10597172456026319,0.2253107379703314,0.5159010600706715,0.20477091311770407,0.7584541062801922,0.0,3
0.618743072720978,0.6191784776013005,0.16724384725492913,0.09679976689800275,0.0724268379494776,0.1908990183517608,0.6006799346675021,0.09442782142511125,0.04968630069378219,0.0565188524883703,0.1320298522931176,0.2614840989399294,0.16675125732478197,0.6521739130434785,0.0,3
0.6190238369145984,0.619536836740755,0.07120099736805652,0.04184105168355648,0.04269115752656235,0.1287060352016188,0.589814950295956,0.09093646584663201,0.008983309641747234,0.015310547899942045,0.015000009849162055,0.2438162544169611,0.07165597748350482,0.7439613526570046,0.0,3
0.7543312364563342,0.7547908613886811,0.17749457450247036,0.12362920132292952,0.09498041404601097,0.23139837899848806,0.752086739322149,0.06261495572499033,0.035311655746259274,0.043744466770968715,0.08907522858206995,0.35689045936395836,0.17791722419600425,0.7971014492753614,0.0,3
0.7575491405906067,0.7581471793116332,0.090871311816041,0.05380834172147339,0.04203159330789328,0.12716943946650858,0.7850950976201995,0.050019973229463936,0.007933575304541862,0.015776521903941493,0.0066356501981483795,0.3250883392226154,0.09121948968762976,0.8743961352656999,0.0,3
0.759339030440092,0.7599848521613524,0.08288313247448861,0.03894052114946531,0.023904226772474856,0.08100240302730854,0.6241884877010196,0.14335093972845575,0.044805534063188435,0.05352146385468154,0.11441882334526232,0.3215547703180217,0.08300650579061504,0.8115942028985508,0.0,3
0.23878700712454837,0.23892701205393152,0.1105416262640255,0.08411538548864385,0.09643818329986634,0.23386981556669936,0.4923033302398262,0.17482649982957968,0.006729128055379202,0.008868150942620445,0.021400037204112987,0.11660777385159005,0.11087528260969869,0.33333333333333304,0.0,3
0.7532545837370979,0.753786467822751,0.19711871450339385,0.11926232299763113,0.06669334481161637,0.17981599663870704,0.6889478904102888,0.07102148034660523,0.06813633758068208,0.07729918518581824,0.1720911271361949,0.3427561837455837,0.19771143819498915,0.7874396135265691,0.0,3
0.7542442675623775,0.754659428953957,0.2964861245786582,0.1867672991198129,0.11220981527556563,0.2596604864931559,0.740115660241143,0.05205953237646559,0.0835700349847183,0.09310181077300908,0.2065796611474684,0.36749116607773846,0.29525215706178193,0.7391304347826093,0.0,3
0.22417680480359437,0.22424517735555582,0.181557925843838,0.1482032982418963,0.11979210384871762,0.2715006252697625,0.5629648216398611,0.1142776640291562,0.013149151601302755,0.015016408908182816,0.04272821815253547,0.1413427561837457,0.18197757578553964,0.3236714975845407,0.0,3
0.22523080407049356,0.22531381262695227,0.1829893337027289,0.1623615956891267,0.11458030166590748,0.2633983989101497,0.5250249599631192,0.14461804677287549,0.018648127250807806,0.020431310467614372,0.05980231639722344,0.15901060070671402,0.18276196188806348,0.36714975845410613,0.0,3
0.8626417742626096,0.8633666441854473,0.09225654522787088,0.034055217927662695,0.017142141118032674,0.06123447557057049,0.6585240482662265,0.1071369692337793,0.08276273240674814,0.09408529660186035,0.20101030057876823,0.36749116607773846,0.0928805426106215,0.9178743961352662,0.0,3
0.2281439684254476,0.22801659155081744,0.43814932816179525,0.3725185611249442,0.1936773145053074,0.37307749235613474,0.6195892364857337,0.07044106565152983,0.09715472833505132,0.09762356293702248,0.25403508816184006,0.15901060070671402,0.4378720066442117,0.31884057971014457,0.0,3
0.6861216492200857,0.6864720428476314,0.17730987671422638,0.122692630798223,0.12103952959118595,0.27341697027237133,0.7577482470781646,0.0322949323258616,0.014831875422528534,0.022010211878767116,0.031293739497015416,0.3215547703180217,0.17708669773450836,0.7053140096618353,0.0,3
0.6871542507727693,0.6875927314355632,0.1275338227824722,0.07274409487554019,0.08728174093546492,0.21807265263241696,0.6475966309797087,0.06553285059508027,0.027914996902528633,0.03533552347411634,0.07058414495985987,0.3321554770318027,0.1274396714806441,0.7729468599033815,0.0,3
0.6873965517563594,0.6877639176583799,0.13815394560650138,0.08581634892644421,0.11479128863629807,0.26372946538474573,0.7542525599830338,0.03238279024618266,0.0051856940520838,0.012207842684943765,2.0022714512624162e-05,0.3038869257950534,0.13865177871083834,0.7777777777777768,0.0,3
0.6938288366029006,0.6942381768693853,0.13353650090040173,0.0949171655402593,0.10010935297536111,0.24002470925011274,0.7771972258663282,0.04921925301916066,0.00553881864240785,0.012636622563975658,0.0009711454734406821,0.3215547703180217,0.13408388317261105,0.7826086956521738,0.0,3
0.6871963904460632,0.687725125587205,0.08094380569792678,0.04772725552671213,0.05245099672718627,0.15053244484265607,0.5211544034551616,0.0938408921922741,0.01001569299817237,0.017119286222387925,0.015919552639629853,0.27561837455830407,0.08157615466248326,0.7729468599033815,0.0,3
0.8707980541398683,0.871275431099269,0.1573163411368149,0.08378427469708094,0.11589612663596575,0.26545881388658354,1.0,0.04623834226932684,0.04112551956548005,0.051270935409748475,0.10075775400975484,0.45936395759717374,0.15738476445346744,0.9420289855072461,0.0,3
0.8627623279940373,0.8634183911870235,0.37082698434686245,0.15702219766746636,0.04408026981656384,0.13191505592855088,0.7874388905857549,0.08893307569170111,0.2759249358013711,0.29324344362849564,0.5012459486190384,0.41696113074204977,0.3710607668527661,0.8743961352656999,0.0,3
0.8595425488599311,0.8602829316781104,0.15182158193655632,0.049617425131119886,0.010353694168142621,0.03934481292797476,0.5738622454849677,0.10355594598540646,0.1860344847529863,0.2004829091364201,0.3844782231585353,0.33568904593639637,0.15221704424860422,0.9420289855072461,0.0,3
0.8576031829199611,0.8583266869177226,0.039571501131273945,0.019333086103942302,0.0165011427003633,0.05926459794015529,0.6994691127575954,0.05750877326244855,0.008438199662234247,0.01740012720380016,0.004759118938847617,0.3321554770318027,0.03995755086974577,0.9613526570048307,0.0,3
0.8643621436295987,0.8649805379616566,0.1493743362423235,0.07650929759102709,0.05919051282323069,0.16472727824143488,0.7868091652765893,0.061948555143914605,0.06148400368097845,0.0721743283414348,0.15248269462312614,0.3816254416961131,0.1491717805564527,0.879227053140097,0.0,3
0.9639424570912372,0.9631877768196908,0.43537886133813547,0.4786651126533516,0.6238809121728521,0.7627027924079317,0.6711934483807787,0.06618943718289329,0.05683249491680528,0.06886844370868772,0.1377112863028085,0.6077738515901068,0.4346883218751442,0.5314009661835755,0.0,4
0.9389615964289373,0.9386749933822074,0.5278201043542503,0.44867782730774763,0.4328369022002699,0.6145318509414469,0.6936890178246965,0.06009771500403316,0.12016743053824028,0.13416441093259598,0.2731470834440439,0.5512367491166081,0.5281225487934296,0.6473429951690814,0.0,4
0.939583432501772,0.940248371494663,0.08888581059241815,0.06107953470419508,0.058763814900306965,0.16384748787441641,0.5656815560081752,0.14566265590159552,0.015108045199947573,0.025225007798297866,0.023219020329078077,0.4734982332155484,0.08762054168781432,0.8599033816425123,0.0,4
0.9372417998388727,0.9378007206827217,0.2349355866463499,0.13237809446685486,0.09989813247940255,0.23967321106285003,0.48643586103689646,0.3755753449220118,0.11957203484591047,0.13349694075766164,0.2721039746111962,0.5441696113074208,0.2347621464494994,0.5507246376811583,0.0,4
0.9385057836205863,0.9390121607456123,0.13838481784180634,0.08322800856725523,0.1208664224695173,0.2731515525615219,0.7918168539010744,0.21694912902729008,0.05214708747721883,0.06361644926994367,0.12695500527925763,0.5689045936395765,0.13846721727495037,0.845410628019323,0.0,4
1.0,1.0,0.16304197257237846,0.1299108460542946,0.3358620748170703,0.5270569936626386,0.9852757426427695,0.10060859121582696,0.04688749109958951,0.05903177728641246,0.11139122786227995,0.7137809187279158,0.16361371291468646,0.7826086956521738,0.0,4
0.9387434457497452,0.9390487010083319,0.17869511012605627,0.17792758701591602,0.20002083769804502,0.3808965331640414,0.6480417897863036,0.2039272644908471,0.01943679359016212,0.02970762948877928,0.03659912996688064,0.5583038869257955,0.17925529460619205,0.5652173913043477,0.0,4
0.9424450099027109,0.9431729559676825,0.05310061412014591,0.031048731940271402,0.03465739438755308,0.10937498274052707,0.6310171037371757,0.11106114235866676,0.007901604515881927,0.017783761791328817,2.7592566421930087e-05,0.42756183745583076,0.05352281640751165,0.9275362318840585,0.0,4
0.9414469812706248,0.9421580850609157,0.061319665697003284,0.027826550922947686,0.041047128703144385,0.12486004737728681,0.6377134417910361,0.057185416215786954,0.019182955167636184,0.029471787465754434,0.035732067368008824,0.3957597173144878,0.062012642458358316,0.9758454106280183,0.0,4
0.9150253142047404,0.9155836089329235,0.12905757953548508,0.08671697027949536,0.09480682262757786,0.2311030172186234,0.7825981923601786,0.29015625547340373,0.06309202189051147,0.07460550626581891,0.15454595785463043,0.5194346289752652,0.12905458404466386,0.7198067632850247,0.0,4
0.561943113682954,0.5616835612732185,0.21974419356328206,0.21985567353611188,0.3249828206007249,0.5165296894328277,0.7417725409489474,0.09346203108359516,0.0038450094723502526,0.00950378594608789,0.0,0.4028268551236751,0.22013565265537766,0.4734299516908216,0.0,4
0.5873886373255743,0.5876080265881107,0.17938772683197118,0.12419114363775345,0.1478927473977903,0.31275743873172157,0.6849122902319033,0.22381202457665478,0.04275699373051228,0.04907674225632225,0.11515423948825942,0.41696113074204977,0.17847090850366815,0.4734299516908216,0.0,4
0.9430604454426046,0.9426952719737525,0.35780579027566145,0.3250486259848181,0.4648317509017468,0.6412786280826327,0.7996997743854231,0.08945527536587045,0.05103999850910093,0.0625463294296148,0.12400233926013682,0.7137809187279158,0.35712637844322426,0.6231884057971016,0.0,4
0.5868678030334955,0.5864095744003706,0.26965877083621925,0.31680491330573446,0.4073752424897849,0.5925602672736041,0.5620156204571674,0.2483176218800011,0.021309414256594023,0.02741441633028202,0.05471732644554628,0.5017667844522968,0.2697365385502699,0.1014492753623184,0.0,4
0.5911891117719197,0.591237192205206,0.23858336796416862,0.20378260968281478,0.21445325095337242,0.3982720741020377,0.6109271144021832,0.11544632785726994,0.051551049155971196,0.05801666362985855,0.13774650203909689,0.33922261484099003,0.2383149540903428,0.5024154589371985,0.0,4
0.5876189020679963,0.5879336518269795,0.13921595788890428,0.11073101694530428,0.11141034203505813,0.2583921536721365,0.5701814539063901,0.44389695740756197,0.037966998434555976,0.044240165717522595,0.1022940649387114,0.4522968197879864,0.13920546301850228,0.4396135265700476,0.0,4
0.5866190829241731,0.5857524961235132,0.4425820750796509,0.4256230559066381,0.563750565507888,0.7187901522003843,0.7136055637263398,0.07168348404714427,0.04724350752004361,0.05361299674390643,0.1269127415518354,0.4346289752650181,0.442209200387579,0.3381642512077292,0.0,4
0.5881682892754281,0.5879589150113205,0.23673639008172875,0.22176097963384822,0.3123627692745339,0.504106279813381,0.8563960170382743,0.15019821058014649,0.014277286666478178,0.020323302022544065,0.03305290804176364,0.5477031802120145,0.23716144511604298,0.38647342995169076,0.0,4
0.5837805595384378,0.5826392399533624,0.3093226208616152,0.3723217867116725,0.6682081593936903,0.7937697623554562,0.6338147149549774,0.18043451908183408,0.010551806172836353,0.016520988718911833,0.02134677951770314,0.5653710247349828,0.30950952798412773,0.053140096618356836,0.0,4
0.587888228264422,0.5878053468192608,0.3071062474026874,0.23425615487659973,0.2638273762688539,0.45395781531353774,0.665925389374099,0.10669846939456132,0.06644943667149067,0.07302090886355314,0.17405564544505125,0.4310954063604244,0.3068795275227241,0.4154589371980677,0.0,4
0.5860870527658406,0.586226299806512,0.6325899247356512,0.44217859548478405,0.17828506152861429,0.35360241488519184,0.6416386277586934,0.1287397808237227,0.2889134301732271,0.2976798419878043,0.5258135486519429,0.3816254416961131,0.6323536197111612,0.4830917874396139,0.0,4
0.5818476068924596,0.5819342962450413,0.142909913653784,0.12779930523495622,0.19739314154014637,0.37767163629528155,0.4571312651692063,0.2950707403856237,0.00434224359748811,0.010215740186513084,0.0009617566047723791,0.37809187279151946,0.14271213030037372,0.35265700483091766,0.0,4
0.595855405690557,0.59602516104116,0.13686106108879348,0.11551225677547285,0.16894214024585902,0.34140640719267,0.7008967174384163,0.12002531082294271,0.004210183354882824,0.010232228221809303,1.47738471079073e-05,0.36749116607773846,0.13740598901859458,0.5652173913043477,0.0,4
0.938733644230938,0.9390221799735095,0.43228517338504874,0.3075224587719763,0.20659377227305492,0.3888790920900105,0.6541494314402316,0.10711246408176253,0.1537531456685526,0.16897151702089505,0.3315835748640681,0.5088339222614842,0.43238130392654456,0.6086956521739122,0.0,4
0.5829029316453997,0.5829865334125941,0.15131366301888535,0.13113879407557652,0.19883125992023715,0.3794390230409146,0.5155258613349039,0.15773034250524914,0.004071536165870249,0.009953786992568436,1.1885725904825506e-05,0.3250883392226154,0.15157107922299634,0.42995169082125617,0.0,4
0.5878850755910445,0.5878334236208076,0.21221775869233966,0.18634536936827845,0.2518611015941621,0.4409423040858983,0.6411693374114494,0.08791512586562097,0.010891596213116334,0.01689813685766886,0.022294149775815786,0.3427561837455837,0.21233793198911088,0.5507246376811583,0.0,4
0.5766348282609908,0.5768524861157243,0.16036385464284064,0.14445323201973798,0.145992822812765,0.31008416108300185,0.5823085853924359,0.0972449269880103,0.00400630933071483,0.00981913815542343,1.6860054469436392e-05,0.3215547703180217,0.16056844922253494,0.6086956521739122,0.0,4
0.545279838014121,0.5455406915186867,0.17472410767881053,0.1256101898873088,0.12204383372772497,0.2749535701950687,0.599718468911291,0.12006420025779818,0.03572149233857805,0.04141556968593316,0.09766865976616756,0.2897526501766787,0.17528722373460065,0.5169082125603861,0.0,4
0.552824513145989,0.5520777001694164,0.3469086207692663,0.34285671038590493,0.5088853897596266,0.6766945495428812,0.7623721631499477,0.1080923576584833,0.029337777326509495,0.03509621752530706,0.07947767295817298,0.5477031802120145,0.34683707839246986,0.3043478260869561,0.0,4
0.5447044539657355,0.5437824038797743,0.2976866602022441,0.38195805677698647,0.573652829478149,0.7261727501458997,0.6267775610176872,0.1352754915803014,0.005903349896022647,0.011398506575357736,0.007521813931308685,0.45936395759717374,0.2966825081899137,0.08695652173912993,0.0,4
0.4028551141811043,0.4032814097169748,1.0,0.4391588650657302,0.026287840919528002,0.0875818347117383,0.0,0.41504085267039426,1.0,1.0,1.0,0.12720848056537104,0.9999999999999999,0.5072463768115938,0.0,4
0.383147445694064,0.38322318290744306,0.9964907420233644,0.6947461231656463,0.1540847900671226,0.3213651185302252,0.6007131277898297,0.20017738852681544,0.5320363368095273,0.532903274720412,0.7481792997229966,0.3215547703180217,0.9960780694873804,0.24154589371980695,0.0,4
0.4580560987516531,0.45788098799884835,0.25474442443551737,0.2154301412991652,0.26700804283833374,0.4573705967282412,0.6569119348790025,0.14415569364679054,0.04463073899755032,0.04918542320513086,0.12475017549579093,0.34628975265017736,0.2548793429612882,0.3140096618357484,0.0,4
0.45852829730582734,0.45798249479483744,0.3037816872142956,0.31348056095844273,0.40776774451132203,0.5929038873506667,0.6284207447669586,0.17307215716436547,0.044911407177393864,0.04947784696570601,0.12546774129156812,0.3851590106007068,0.3029114566511327,0.1352657004830915,0.0,4
0.9374628439206436,0.9373526335019751,0.2744147388835019,0.2523934580075834,0.3630778950261221,0.5527037801646649,0.6616076132933315,0.08964329455474832,0.038809806260233864,0.049782631298771085,0.0921955102955847,0.5865724381625448,0.27462741660130113,0.6376811594202891,0.0,4
0.4529913441636726,0.4527750731446645,0.35526619568730666,0.34140549908802625,0.2813754375370731,0.4725540980215862,0.6633107989964302,0.1666195664372341,0.08587514491282097,0.09035641053801019,0.22231985946728683,0.4240282685512371,0.3554653255202325,0.2463768115942031,0.0,4
0.4723081474351911,0.47269682063622476,0.07101629957981254,0.056317215490687286,0.056373619775837366,0.15887319268534159,0.2308506888889319,0.2421522106033492,0.007931165446100147,0.012626464753214939,0.016837564501057223,0.18727915194346334,0.07114843353481289,0.5507246376811583,0.0,4
0.47033939062279906,0.4690786912106546,0.5036708685413491,0.6785633197357169,0.6822664197223453,0.8034115626260612,0.7335582439544938,0.1490524324010778,0.06071702606759943,0.06547765721223608,0.16468869152584364,0.5865724381625448,0.5037604392562174,0.0,0.0,4
0.4776184421625551,0.4771248067559615,0.2756614489541488,0.3210790806093952,0.3928432034368582,0.5797244416600814,0.6470864485970599,0.09825199146289454,0.010217317821128113,0.014985107395008884,0.024091280423461647,0.37809187279151946,0.27578092557560097,0.2608695652173907,0.0,4
0.47553622853645194,0.4749681671970958,0.22667036062243157,0.23613497211101103,0.42058565058150216,0.6040396211516302,0.6027748536479915,0.10493177968638104,0.0032025412117925034,0.007936250541415418,0.0009400985239480519,0.35689045936395836,0.22465740783463295,0.3478260869565215,0.0,4
0.4745234970330561,0.47428367290893547,0.40314909728956,0.3115922834157011,0.29563786349604937,0.48727000868437564,0.7004150513262258,0.05583226370610461,0.08400300621807744,0.08884728358516605,0.21752559302470997,0.29681978798586606,0.40285147418446915,0.4057971014492754,0.0,4
0.4792565132051081,0.47821144008960914,0.3262686429330009,0.38911572605974376,0.6028050037980001,0.7475553191391894,0.5253936745276839,0.12262806860552716,0.008551302351764795,0.013340368283857262,0.01861713459424852,0.36042402826855113,0.326719881880681,0.07729468599033762,0.0,4
0.15142262233307413,0.15139298684732871,0.24338551045851226,0.19703551778159553,0.13943143270691033,0.3007305879966663,0.9009842756257985,0.0834667832436535,0.02593971626648023,0.026680830672017708,0.08431467761222322,0.15547703180212036,0.24375951644903798,0.3719806763285023,0.0,4
0.4154572542543047,0.4154479124970081,0.19970448353880965,0.16798291089903203,0.1938925687871157,0.37334472322884793,0.6895405518885178,0.1700114589566336,0.018991773064594486,0.023030843208947965,0.05388868763882115,0.3144876325088344,0.19969547363078483,0.3816425120772946,0.0,4
0.415221475877793,0.41483476733105107,0.3402595003924828,0.30789519492019285,0.33654304076856123,0.5277105067798936,0.7929790265724536,0.16236155186309084,0.06073694756405085,0.06465428153560354,0.16673547031559188,0.4416961130742054,0.339362340239007,0.25603864734299453,0.0,4
0.9422530379075607,0.9427275077896446,0.09285681303966384,0.10221484738630603,0.13432586121650786,0.29331641927468,0.47973709392057295,0.5133574351652281,0.010213301390391949,0.0201818708349826,0.007564234386035373,0.5795053003533575,0.09324966548239745,0.5555555555555554,0.0,4
0.09251742160036969,0.09239802007670761,0.20843145403333796,0.19108876796512553,0.15900423923362828,0.328093712397044,0.833779426811666,0.1321343342622309,0.008086039015286872,0.008588669112062436,0.03128869884633145,0.17314487632508868,0.20850828219443546,0.22705314009661848,0.0,4
0.10369536758295439,0.10370011989016348,0.6603407674193102,0.4321847257645821,0.11575734151755242,0.2652419741357859,0.6739767087975407,0.12543775568723772,0.30278714587933486,0.29554495515958235,0.5587009185621943,0.1307420494699647,0.6602685368892169,0.24154589371980695,0.0,4
0.10034296377056329,0.1001124152688675,0.3023964538024657,0.3030325964383831,0.2018390774170869,0.3831166277349023,0.5334657258062732,0.13459982240753732,0.046479100422335745,0.046035459234303716,0.1427038861867791,0.09540636042402895,0.3024039127024408,0.19323671497584538,0.0,4
0.11776408383157566,0.11746504800640167,0.2635637438241677,0.26606171148330066,0.23124829571605438,0.41782525292879724,0.8013745079396208,0.10622906686755951,0.01054698645595295,0.011267692349906544,0.03835103685847452,0.18727915194346334,0.2620310986019471,0.16425120772946844,0.0,4
0.0,0.0,0.4470148219975066,0.26120857330982133,0.0940148977591854,0.2297526751643569,0.5291231265156,0.11989540275653224,0.21970791873057657,0.2118672546780768,0.4628941920364493,0.0,0.44613113090019835,0.19806763285024154,0.0,4
0.022750547551508404,0.02234041594609515,0.22357667266934478,0.21454844056277483,0.24959456349801262,0.43844470491615084,0.6757119874464944,0.09550106071064857,0.0,0.0,0.006613749138888014,0.09540636042402895,0.2236423199372491,0.1352657004830915,0.0,4
0.9400965013658897,0.9395054850410602,0.28651244401348297,0.3425501963960009,0.55286132142346,0.7105987618857506,0.5966755048029602,0.16975114616568046,0.03362684338105068,0.04444957875961353,0.07786451521294557,0.6713780918727918,0.28625478706224333,0.42028985507246386,0.0,4
0.9414351122973557,0.9420060103400942,0.10019855012236228,0.05557931144091849,0.09619603022931238,0.2334603779783098,0.8676620899643847,0.10394755420396301,0.016285823349022066,0.026468933479691786,0.026824080483554447,0.49116607773851584,0.10058598255894431,0.8695652173913047,0.0,4
0.9392084128150735,0.9396697843035184,0.16396546151359837,0.11534007916386012,0.13873702931478998,0.29972934665896656,0.6560378292363529,0.12990515694330487,0.042313579777239124,0.05343127597293326,0.10152464931223237,0.49823321554770317,0.16439809901721036,0.7922705314009661,0.0,4
0.9410305347768588,0.9408340188609703,0.259361869141617,0.3089396129598656,0.3979517767124525,0.5842622413568426,0.49645321276060894,0.26932226953541716,0.040591816249257784,0.05167959434669164,0.09686961318690912,0.6537102473498235,0.2588935541918516,0.3961352657004831,0.0,4
